,patent_id,scores_min
0,4965079,0.22426379198337326
1,4488717,0.18167316753943052
2,5034160,0.23206532207361746
3,4630615,0.17655523340096407
4,4866997,0.07137937212417822
5,4980848,0.19665804612573218
6,4299371,0.21507557410171615
7,5118608,0.2392574485814738
8,4829490,0.18294254017694284
9,4800782,0.07137937212417822
10,4870084,0.31743859689362286
11,4459987,0.22815381559630205
12,4734431,0.23179567479129798
13,5439826,0.11707660779279314
14,4854750,0.21683715569025452
15,4592895,0.3744759452680718
16,5294189,0.26743579595595424
17,5071115,0.087603004057826
18,4733297,0.30168023384962817
19,4342640,0.2550896147261132
20,4675685,0.18381575861033056
21,4660085,0.17655523340096407
22,5124593,0.17655523340096407
23,5025789,0.1947104767359495
24,4796979,0.18873052881693608
25,4632632,0.087603004057826
26,4298362,0.1375092130934729
27,4738843,0.2688379092063779
28,4457716,0.16570066992966825
29,5053306,0.1892778836513564
30,4309375,0.21676435715160708
31,4957806,0.2848381247748777
32,4793403,0.21857627275393143
33,5049782,0.2726536496154643
34,4884304,0.18873052881693608
35,4667134,0.17074467767804094
36,4990411,0.2457776144195547
37,4461931,0.21900967905080282
38,4962240,0.18381575861033056
39,5089667,0.087603004057826
40,4571030,0.13812072065899642
41,4792680,0.2150881588933582
42,4391099,0.2881817712491694
43,4365218,0.2156629912859616
44,4436334,0.1375092130934729
45,5006548,0.2704305716887726
46,4547562,0.2220154762623831
47,4314534,0.17655523340096407
48,4414797,0.21995261013993933
49,5152478,0.1653341056641956
50,4820810,0.2923056525217601
51,4801575,0.2435874356498944
52,4303389,0.21995261013993933
53,4831637,0.20564553384632434
54,5004806,0.3489666020050298
55,5762292,0.16759622132095595
56,4595584,0.2704305716887726
57,4560705,0.2376624462576262
58,4957969,0.2939523842800199
59,4609244,0.087603004057826
60,4581555,0.2950738254366851
61,5126439,0.2446583442506584
62,4409729,0.2609019310474898
63,4658128,0.16158486444637418
64,4617829,0.2576758126323424
65,4587524,0.4080747268026963
66,4965280,0.23179567479129798
67,4968978,0.33432467723253545
68,4730592,0.2799259197761518
69,4635161,0.18508921151420926
70,5064286,0.12866561451270553
71,4641859,0.087603004057826
72,4424159,0.2540581907705791
73,5019662,0.09778567314064093
74,5053616,0.22752373136136034
75,4526814,0.2395701808572996
76,4460707,0.3147166231654381
77,5194370,0.22752373136136034
78,5276807,0.21115733136778553
79,4730973,0.25289095850791177
80,4535160,0.28584900880659203
81,4865720,0.20675853525543214
82,4527880,0.17307491767179112
83,4696681,0.2460675366134713
84,4694090,0.3422746364755455
85,4790925,0.2679092868437403
86,4342986,0.20179290977958264
87,4523595,0.3147166231654381
88,5115072,0.2626208448234698
89,4948167,0.3027934697268076
90,4615440,0.087603004057826
91,4936603,0.13434916784149142
92,4903210,0.4378388334083534
93,4885490,0.21392978674350846
94,4518046,0.087603004057826
95,4872786,0.23874619487529342
96,4927560,0.2532425216189619
97,4648732,0.21443584983196523
98,4486262,0.10139819036233637
99,4847415,0.3220720511013099
100,4655771,0.18508921151420926
101,4635473,0.29037467856020727
102,4758354,0.20709343201997107
103,5117914,0.04299612859597431
104,4529988,0.11308131607951616
105,4799015,0.4130021739142471
106,4829198,0.15194922252166085
107,4375311,0.2057602877774798
108,4878564,0.087603004057826
109,4685498,0.3284890196092991
110,4908740,0.087603004057826
111,4790750,0.11707660779279314
112,D342861,0.2556576773975455
113,4526692,0.13506088682859718
114,4528261,0.18508921151420926
115,4865923,0.11961743332259345
116,4672549,0.10139819036233637
117,4438808,0.35920872425670014
118,4699164,0.26300472357929133
119,4821505,0.1006589810644364
120,4808616,0.34717673786327363
121,4778517,0.23759015956349425
122,4864352,0.22107281955445002
123,4902234,0.1375092130934729
124,5161073,0.313778307387605
125,5074010,0.1375092130934729
126,4415744,0.2446583442506584
127,4812501,0.2446583442506584
128,4418735,0.18381575861033056
129,4544779,0.4081362114298373
130,4504452,0.09778567314064093
131,5003600,0.2392574485814738
132,4322533,0.4109093011889552
133,4855605,0.17435513106366599
134,4921576,0.09778567314064093
135,4981915,0.23179567479129798
136,5073545,0.29199862357897355
137,4796771,0.087603004057826
138,5099074,0.34343460889820815
139,4992625,0.18873052881693608
140,4642996,0.31425522758407093
141,4475738,0.087603004057826
142,4478473,0.087603004057826
143,4341033,0.30331849383804094
144,4922000,0.2540581907705791
145,5033843,0.12866561451270553
146,4884033,0.2808751841059462
147,4708827,0.10139819036233637
148,4983654,0.26205341382483854
149,4566013,0.18845739204772338
150,4864912,0.13565120812619272
151,4829080,0.26782249137364766
152,4942370,0.19455868826869055
153,4448197,0.3147761435003442
154,4920714,0.087603004057826
155,4468965,0.16416209576741908
156,4767112,0.24703229885784808
157,5080889,0.2626208448234698
158,4652869,0.17307491767179112
159,4444793,0.2469031598279035
160,5223528,0.23179567479129798
161,4307827,0.19690309479987186
162,4423566,0.1375092130934729
163,4682827,0.087603004057826
164,5031999,0.24735768608706643
165,4977021,0.2540581907705791
166,4788323,0.25095733482138627
167,4329692,0.13046436401796702
168,5015486,0.24719728523100268
169,4483640,0.17405812605241783
170,4435519,0.23179567479129798
171,5110285,0.29245773491536264
172,4548968,0.2739401914788551
173,4381307,0.23179567479129798
174,5030992,0.21443584983196523
175,4344661,0.2647221366553715
176,4467097,0.25467307702504494
177,4533773,0.23179567479129798
178,4656964,0.2937847138474101
179,4989239,0.1653341056641956
180,5021838,0.2937847138474101
181,4288257,0.3018310106240016
182,4815350,0.20510390560247949
183,4553137,0.07137937212417822
184,4542790,0.22027960590107187
185,5014503,0.087603004057826
186,5056403,0.21443584983196523
187,4770250,0.21995261013993933
188,5030461,0.2668519049640587
189,4628331,0.087603004057826
190,4407167,0.13565120812619272
191,4785929,0.087603004057826
192,D262731,0.32963090205521817
193,4910763,0.26728437611692507
194,5086840,0.22027960590107187
195,4626492,0.35250234839131755
196,4389962,0.087603004057826
197,4520803,0.087603004057826
198,5068854,0.18845739204772338
199,4931373,0.2559418386344211
200,5058801,0.2242055236479294
201,5141552,0.1891330760216111
202,5104097,0.18381575861033056
203,4873398,0.26889770192682383
204,5036320,0.20665445254309928
205,4794373,0.087603004057826
206,4691986,0.21541168462977964
207,4834870,0.07137937212417822
208,4438046,0.2914559594510978
209,4316507,0.3622549499760298
210,5000339,0.2647221366553715
211,4854233,0.3456406036952898
212,5045089,0.3038091350201539
213,4590367,0.23342685499098417
214,4931090,0.24309399735405596
215,4682777,0.20510390560247949
216,4886859,0.2626208448234698
217,4414495,0.23120063626518533
218,RE31286,0.2847384673146158
219,4364856,0.23065548915407963
220,4502974,0.318338640380736
221,4497225,0.12045020775413351
222,4696789,0.2835135939640595
223,4632346,0.23280214212595796
224,4758534,0.21541168462977964
225,5050802,0.18508921151420926
226,4444159,0.33479114720721204
227,4871626,0.2596899399619386
228,4744954,0.45589485591992984
229,4868926,0.23592970128560029
230,4439993,0.087603004057826
231,4430908,0.16534911790204
232,5114990,0.289568324450431
233,4626867,0.18167316753943052
234,4453971,0.34629216634142773
235,4422081,0.22412742028775273
236,4773499,0.087603004057826
237,4640071,0.1977797574144663
238,4671180,0.23095900687467286
239,4420829,0.1832466119756969
240,4431760,0.2848381247748777
241,4579985,0.09778567314064093
242,4701673,0.3321388718774876
243,5014897,0.087603004057826
244,4833898,0.07137937212417822
245,4910349,0.34382829880779064
246,4976401,0.087603004057826
247,4713573,0.087603004057826
248,5025432,0.20084568346801135
249,4930177,0.3167713884322839
250,4535741,0.19455868826869055
251,4509051,0.22190542807873673
252,4357115,0.18508921151420926
253,4635904,0.23280214212595796
254,4717581,0.280239133612391
255,4574790,0.2576758126323424
256,4417092,0.21683715569025452
257,4777472,0.18294254017694284
258,4575588,0.22037245214111703
259,4539241,0.07137937212417822
260,4317076,0.17405812605241783
261,4320368,0.087603004057826
262,4893130,0.30328487343651767
263,D276000,0.32963090205521817
264,4763386,0.087603004057826
265,4620856,0.09778567314064093
266,4938201,0.1375092130934729
267,4910427,0.27445961102887967
268,4685134,0.3573371359530537
269,5069320,0.24309399735405596
270,4439492,0.16642729089750607
271,4588840,0.29374809626306597
272,RE32752,0.21443584983196523
273,4377905,0.16416209576741908
274,4529752,0.2446583442506584
275,5133722,0.10139819036233637
276,4917988,0.28138042301006994
277,4407861,0.29497482770642147
278,4929641,0.318338640380736
279,5006882,0.18508921151420926
280,4914895,0.2511851179582311
281,4917097,0.18845739204772338
282,5000344,0.26743579595595424
283,5269004,0.1375092130934729
284,5000212,0.26429020427393274
285,4631688,0.18508921151420926
286,4999958,0.1375092130934729
287,4791363,0.07137937212417822
288,4566978,0.3083419222436704
289,4645496,0.087603004057826
290,4925032,0.087603004057826
291,5212776,0.17405812605241783
292,5143837,0.28125971151581836
293,4815249,0.25882117701942886
294,5097897,0.3081429389368459
295,4318885,0.18508921151420926
296,5153067,0.26507333648225706
297,4870223,0.34013295818067135
298,4952222,0.27715168582989513
299,4520503,0.26525834424392336
300,5042270,0.087603004057826
301,4916483,0.30245476520172815
302,4469845,0.2848381247748777
303,4746960,0.18873052881693608
304,4315521,0.17405812605241783
305,4869456,0.23395193241900844
306,4353416,0.30388475183089664
307,4390965,0.2576216161812013
308,5063981,0.25289095850791177
309,4627200,0.15497862919340902
310,4904199,0.29869614551934415
311,5092242,0.29497482770642147
312,4743394,0.2389381771449144
313,5047982,0.20084568346801135
314,4774160,0.07137937212417822
315,4630274,0.12866561451270553
316,4402400,0.04299612859597431
317,4963850,0.21192585672329384
318,4539314,0.318338640380736
319,4906497,0.2677748948175685
320,5058982,0.1525361879848786
321,4500122,0.21995261013993933
322,4780886,0.17655523340096407
323,4746150,0.24083795634167637
324,4792282,0.17405812605241783
325,4566750,0.087603004057826
326,4912685,0.3224263721564056
327,4923281,0.1977797574144663
328,4333820,0.2881817712491694
329,4909047,0.27855462387030205
330,4498717,0.17405812605241783
331,4567718,0.17405812605241783
332,4560558,0.32713550317757634
333,4338250,0.2446583442506584
334,5104757,0.2242055236479294
335,5186995,0.20084568346801135
336,4436379,0.30575662719828584
337,4659221,0.06901701361535309
338,4694925,0.18150347492990415
339,4750681,0.10419241623489911
340,4867629,0.19665804612573218
341,5077726,0.3147945679007651
342,4636685,0.16158486444637418
343,4341753,0.3416996136251553
344,4723749,0.1508219052525044
345,4637024,0.2305961599858774
346,4804820,0.18150347492990415
347,4630392,0.19665804612573218
348,4578086,0.19106965298539832
349,4555144,0.20546477522410184
350,4594657,0.3413440156291304
351,5011967,0.24868172610004513
352,4803485,0.1751382351670789
353,5139275,0.23684698182487796
354,4572880,0.26503218272592305
355,4898640,0.11308131607951616
356,4983586,0.24978695356783187
357,4279557,0.18167316753943052
358,4586439,0.18167316753943052
359,4474604,0.16416209576741908
360,4306206,0.18508921151420926
361,4483204,0.18381575861033056
362,4532271,0.17435513106366599
363,4981691,0.18915078303307453
364,4630914,0.1375092130934729
365,4411184,0.10174359358453738
366,4444416,0.17405812605241783
367,4679572,0.26743579595595424
368,4954219,0.18508921151420926
369,4817055,0.22107281955445002
370,5139777,0.26182597404053454
371,4981774,0.27802028262165435
372,5048516,0.17074467767804094
373,4954222,0.15878130403781418
374,4818763,0.34717673786327363
375,4526106,0.29869614551934415
376,5036025,0.26507333648225706
377,5182034,0.26205341382483854
378,4741840,0.1751382351670789
379,4881331,0.12045020775413351
380,4757551,0.15334886098069633
381,D303759,0.2556576773975455
382,4744298,0.087603004057826
383,4881057,0.1751382351670789
384,4436981,0.27616316843442407
385,5149568,0.16668312200196847
386,4713051,0.2592955124120362
387,4951009,0.19455868826869055
388,4320159,0.2976657397710236
389,5135233,0.24903065726518087
390,4955220,0.18508921151420926
391,4615343,0.2218678341131279
392,4563081,0.2244619439492001
393,4401000,0.17405812605241783
394,5149757,0.3310954515303419
395,4648122,0.18845739204772338
396,4611473,0.20466874828829482
397,4372275,0.2847384673146158
398,4584251,0.29374809626306597
399,4617157,0.10139819036233637
400,4592048,0.16433631818017846
401,4684794,0.17074467767804094
402,4384670,0.23057558933447933
403,4860547,0.24003972648082667
404,4500645,0.25014797222150165
405,5090545,0.23095900687467286
406,4501840,0.30335909062596855
407,4577480,0.34486597944609826
408,4781367,0.21676435715160708
409,4889625,0.3009148616425689
410,5118581,0.20556099947185147
411,4430503,0.3422746364755455
412,4847031,0.2307246697473576
413,5050066,0.10174359358453738
414,5226894,0.087603004057826
415,5171264,0.07137937212417822
416,4983693,0.3021395146029287
417,4723227,0.23041201694402919
418,4334467,0.07137937212417822
419,4661811,0.3034478353104996
420,4314625,0.2647221366553715
421,4886430,0.23843327093871833
422,4741826,0.087603004057826
423,4327091,0.2540581907705791
424,4909131,0.087603004057826
425,4715672,0.21541168462977964
426,4502640,0.18167316753943052
427,4536215,0.29251966509646365
428,4365090,0.09778567314064093
429,D302876,0.2556576773975455
430,4422849,0.1375092130934729
431,5034013,0.087603004057826
432,4388749,0.087603004057826
433,4573952,0.18873052881693608
434,5042525,0.17405812605241783
435,5098642,0.07137937212417822
436,4530300,0.17405812605241783
437,4919289,0.1721248290540586
438,4369699,0.1541011040154774
439,4839619,0.24020383545298546
440,4336114,0.1613009745176968
441,5084230,0.087603004057826
442,5036799,0.2392468768353955
443,4988620,0.27201586593037336
444,4643463,0.1375092130934729
445,4536234,0.2750328737549651
446,4525671,0.17107503932307377
447,4983564,0.2205098784870096
448,4850771,0.27264712892748144
449,4863077,0.27747148809744826
450,5074641,0.27804506773838844
451,4360146,0.087603004057826
452,5020045,0.21777919385881295
453,4493166,0.10139819036233637
454,4635673,0.2668519049640587
455,4467353,0.19382187943689838
456,4917541,0.087603004057826
457,4750248,0.07137937212417822
458,4610903,0.2263875657852504
459,5048731,0.26340286332385465
460,4532591,0.31692483668765914
461,5121163,0.20775563128357352
462,4561835,0.23095900687467286
463,4934436,0.23552583546772243
464,4482665,0.36435746330114205
465,5055771,0.12866561451270553
466,4868635,0.35943245476844266
467,4354482,0.21857627275393143
468,5122092,0.24616173549457426
469,4358856,0.087603004057826
470,4504874,0.19455868826869055
471,5051163,0.04299612859597431
472,5021319,0.2460675366134713
473,5037057,0.28791950595019655
474,4477247,0.087603004057826
475,4675244,0.1113456431844492
476,4882537,0.2395701808572996
477,4443625,0.4095988623042355
478,4406995,0.17655523340096407
479,4740133,0.12756805812590927
480,4428280,0.10419241623489911
481,4619743,0.43957098941076933
482,4998363,0.087603004057826
483,4683173,0.26205341382483854
484,4846129,0.1578119048711999
485,4802877,0.087603004057826
486,D332883,0.2556576773975455
487,4480008,0.28190044042176254
488,5115593,0.17405812605241783
489,4625763,0.29723971901426877
490,5231231,0.3220720511013099
491,4673537,0.18294254017694284
492,4536185,0.318338640380736
493,4943414,0.16158486444637418
494,4481928,0.29245773491536264
495,4484981,0.20556099947185147
496,5084048,0.17405812605241783
497,4773199,0.17405812605241783
498,4974889,0.3054146175270609
499,5200848,0.18873052881693608
500,5301262,0.27845972547853004
501,4976874,0.20675853525543214
502,5179838,0.17405812605241783
503,4467915,0.16158486444637418
504,4450747,0.37544734988484474
505,5137360,0.29390478376426354
506,4961572,0.2576758126323424
507,4412178,0.13175896890166613
508,4382726,0.23095900687467286
509,4813222,0.30095864087244106
510,4508384,0.2750328737549651
511,4581853,0.2847384673146158
512,4469726,0.3166108501914366
513,5032704,0.23552583546772243
514,4404461,0.3204617862324488
515,4971229,0.087603004057826
516,4555392,0.29245773491536264
517,4844401,0.1375092130934729
518,5066723,0.2734482394696352
519,5063235,0.318338640380736
520,4824907,0.21392025691981154
521,4629935,0.2808751841059462
522,5076672,0.14144881449809069
523,4546515,0.22565771737514573
524,4947018,0.2730221810665753
525,4577433,0.18617601851418616
526,4325007,0.4691816968990138
527,4315540,0.1375092130934729
528,4860325,0.22301443091806672
529,5204012,0.33110584056280506
530,4372242,0.17024353598939035
531,4786285,0.087603004057826
532,4768739,0.07137937212417822
533,4734692,0.18294254017694284
534,4319477,0.087603004057826
535,4797706,0.10235749542435613
536,4746810,0.3413440156291304
537,4356088,0.2861042119447452
538,4301112,0.20510390560247949
539,4666069,0.17405812605241783
540,4326102,0.1418924550576831
541,4907290,0.4319583027895015
542,4593948,0.18508921151420926
543,4758513,0.33045499966947445
544,4968902,0.23120063626518533
545,4383654,0.15917063378207286
546,4633853,0.087603004057826
547,4424249,0.4319583027895015
548,4823826,0.087603004057826
549,4268661,0.2770056970262539
550,4641517,0.2988346657335131
551,4739760,0.21541168462977964
552,4858068,0.2647221366553715
553,4949497,0.2609019310474898
554,4348384,0.27191142065885543
555,4372937,0.09778567314064093
556,5028882,0.22752373136136034
557,5138042,0.4694344488403356
558,4526495,0.28280912140345155
559,RE32193,0.087603004057826
560,4934957,0.18873052881693608
561,4691909,0.3034930853358618
562,4797085,0.30990597844954587
563,4763345,0.087603004057826
564,4465817,0.2726536496154643
565,4771866,0.1480522275731611
566,4812683,0.5394690931434528
567,4460169,0.1729468673147691
568,5004678,0.2446583442506584
569,4537991,0.2446583442506584
570,4462269,0.087603004057826
571,4691292,0.18294254017694284
572,4479916,0.18873052881693608
573,4883434,0.4344664122664704
574,4466776,0.21443584983196523
575,4572616,0.18381575861033056
576,4921202,0.2576758126323424
577,4666114,0.1375092130934729
578,4866577,0.1375092130934729
579,4979003,0.2647221366553715
580,4649025,0.3400670461161116
581,4696466,0.20264676772059997
582,5009280,0.16355185244006903
583,4566343,0.30328487343651767
584,4792624,0.09778567314064093
585,4444778,0.2616029676093762
586,4846472,0.20567239586322048
587,4573933,0.20179290977958264
588,4669111,0.16433631818017846
589,4757136,0.23179567479129798
590,4332236,0.17405812605241783
591,4788138,0.2782201530375834
592,4636910,0.2573401592841713
593,4584125,0.2399703209409841
594,5060627,0.2609019310474898
595,4648185,0.3027934697268076
596,D291458,0.32963090205521817
597,4977985,0.313778307387605
598,4563166,0.087603004057826
599,4677785,0.2983936310022629
600,4424030,0.18508921151420926
601,4767784,0.23179567479129798
602,4884710,0.17405812605241783
603,D301536,0.21824885737552058
604,4873735,0.087603004057826
605,4442704,0.3321732550900381
606,4772625,0.2123786989620956
607,4605959,0.18356802064949132
608,4610605,0.087603004057826
609,5118285,0.3027934697268076
610,5057702,0.18294254017694284
611,4873563,0.3035278921312905
612,5157082,0.20510390560247949
613,5081220,0.32067076736192424
614,4521206,0.1375092130934729
615,4321940,0.087603004057826
616,4882235,0.2961733966599164
617,4801583,0.34717673786327363
618,5069837,0.29245773491536264
619,4717872,0.1480522275731611
620,4396127,0.087603004057826
621,4903110,0.2407741414458886
622,4912454,0.18845739204772338
623,4525668,0.20510390560247949
624,4913838,0.2894852771146911
625,4697031,0.6037159995996969
626,5016577,0.04299612859597431
627,5049977,0.30575662719828584
628,5003653,0.30328487343651767
629,4539108,0.1375092130934729
630,4764865,0.32829454505811395
631,4481923,0.24627584447276135
632,4385985,0.1826680875885367
633,4492217,0.2885448673440328
634,4321858,0.23095900687467286
635,4891938,0.20546477522410184
636,4482332,0.1948201136592201
637,4573649,0.17405812605241783
638,4947423,0.23403561658707245
639,4312651,0.1375092130934729
640,4939606,0.2550825880053797
641,H0004553,0.16433631818017846
642,4671619,0.25736180856743285
643,4444543,0.10139819036233637
644,5007726,0.2376624462576262
645,4651636,0.07137937212417822
646,4833068,0.2446583442506584
647,4532517,0.15334886098069633
648,4711542,0.24297542194322247
649,5140308,0.21115733136778553
650,4757996,0.23874619487529342
651,5088609,0.1375092130934729
652,5126139,0.23661042799146084
653,4448266,0.04299612859597431
654,4411577,0.21115733136778553
655,4617363,0.33110584056280506
656,4694427,0.22752373136136034
657,4506680,0.18508921151420926
658,4870057,0.34717673786327363
659,5032028,0.33193689216975136
660,4620138,0.1864041987254419
661,5113484,0.18294254017694284
662,PP5479,0.29158183491321754
663,4693721,0.26207590463715014
664,4982200,0.26340286332385465
665,4788248,0.21392025691981154
666,5055482,0.2630528405251964
667,4481509,0.17074467767804094
668,5052196,0.15441354113166667
669,5059389,0.3147166231654381
670,4765566,0.21995261013993933
671,4629381,0.07137937212417822
672,4380838,0.189090392402565
673,5123042,0.21115733136778553
674,4985713,0.2526858768599684
675,4965551,0.17405812605241783
676,4412817,0.07137937212417822
677,4391340,0.19455868826869055
678,4808948,0.35559159736109913
679,4350083,0.23095900687467286
680,4988524,0.2680855859015173
681,4890118,0.087603004057826
682,5091763,0.26503218272592305
683,4815185,0.35943245476844266
684,4899908,0.18508921151420926
685,4302609,0.2797415564882539
686,4689933,0.25736180856743285
687,4513979,0.27963232542569494
688,4506073,0.23179567479129798
689,4535787,0.2392574485814738
690,4724538,0.26294785481977667
691,5005604,0.23465780378878068
692,4393592,0.1764375970553523
693,4807331,0.17405812605241783
694,4489619,0.29213491145549586
695,4560513,0.3247059333479402
696,4541967,0.24696133661915817
697,4370188,0.2905822837646822
698,4895581,0.17405812605241783
699,4664644,0.23095900687467286
700,4716073,0.29231885861273144
701,4322874,0.10419241623489911
702,4592804,0.2881817712491694
703,5081171,0.2976657397710236
704,5039483,0.3176285283051786
705,4856753,0.087603004057826
706,5843908,0.40982464331983504
707,4762239,0.16563936797797954
708,4812653,0.07137937212417822
709,4446226,0.20678021991794626
710,5198837,0.18508921151420926
711,4470856,0.14418212380760145
712,4766085,0.17405812605241783
713,4916216,0.23179567479129798
714,4848474,0.22560157853484078
715,4357774,0.2523675457641466
716,5102460,0.2561875662406904
717,4992961,0.1589298401514704
718,D273693,0.32963090205521817
719,4620342,0.087603004057826
720,4401963,0.18873052881693608
721,4995749,0.30388475183089664
722,5035792,0.15878130403781418
723,5005315,0.087603004057826
724,4462589,0.1375092130934729
725,4446080,0.25736180856743285
726,4336539,0.23120063626518533
727,4994561,0.4319583027895015
728,4578960,0.18873052881693608
729,4508596,0.3466749518428367
730,4454533,0.1653341056641956
731,5100284,0.173931033397499
732,4583058,0.2262169714941762
733,4410976,0.18508921151420926
734,4800402,0.3027934697268076
735,4634313,0.087603004057826
736,4558409,0.23120063626518533
737,5053950,0.18845739204772338
738,4469970,0.07137937212417822
739,4807946,0.21403538620949555
740,4684874,0.18845739204772338
741,4654475,0.32327623901662805
742,5053005,0.28003658301962
743,4563398,0.3134374564229178
744,4782766,0.24297542194322247
745,4895968,0.2593599567696775
746,4941757,0.087603004057826
747,4992104,0.3021395146029287
748,4666537,0.27845972547853004
749,4888674,0.2566905961030538
750,5025487,0.2156629912859616
751,PP7729,0.5916783277944588
752,4365598,0.2799259197761518
753,4788934,0.087603004057826
754,D318721,0.2556576773975455
755,4626200,0.29245773491536264
756,4767581,0.21443584983196523
757,4926049,0.24297542194322247
758,4593981,0.33428893691237827
759,4945937,0.21392025691981154
760,4662113,0.28282299553241935
761,4546224,0.32340128177894856
762,4857942,0.1375092130934729
763,5013142,0.1653341056641956
764,D263138,0.2523675457641466
765,4877958,0.26392949031568597
766,4877325,0.17074467767804094
767,5020050,0.29096344190986434
768,4593573,0.15917063378207286
769,4944274,0.27649781031941756
770,4394819,0.1418924550576831
771,4967616,0.21443584983196523
772,5048225,0.3299895000571068
773,4645173,0.29213491145549586
774,4451519,0.28385446392135205
775,4909051,0.34160631345857007
776,4688743,0.23552583546772243
777,4650088,0.087603004057826
778,4673488,0.24003972648082667
779,4950611,0.2384390919517108
780,D325554,0.2556576773975455
781,4618217,0.16158486444637418
782,4967988,0.30388475183089664
783,4395870,0.24020383545298546
784,4955948,0.13506088682859718
785,4462740,0.13506088682859718
786,D331297,0.2556576773975455
787,4925295,0.1374459237210406
788,4414186,0.2922138048472446
789,4657037,0.07137937212417822
790,4970628,0.2839826937852268
791,4894952,0.21115733136778553
792,4939529,0.16759622132095595
793,4434978,0.087603004057826
794,D296895,0.32963090205521817
795,4461550,0.40155827398732746
796,4401408,0.18508921151420926
797,4848799,0.07093483144360221
798,4675058,0.2392975617823706
799,4652097,0.2988245629790748
800,4906626,0.4432019788301631
801,4567677,0.087603004057826
802,4508832,0.24304822080543093
803,5008372,0.25849582982604535
804,4913861,0.1947104767359495
805,5036158,0.318338640380736
806,D283104,0.32963090205521817
807,D265647,0.32963090205521817
808,4999438,0.3552833067758304
809,4601306,0.1418924550576831
810,4593997,0.17405812605241783
811,4858895,0.2548550054825597
812,5137427,0.08388941653168323
813,4397081,0.087603004057826
814,4785735,0.087603004057826
815,4717544,0.289595436211708
816,5082047,0.17074467767804094
817,5019556,0.2704305716887726
818,4404950,0.25576706716904135
819,4854334,0.087603004057826
820,4941098,0.17655523340096407
821,5135105,0.087603004057826
822,4955553,0.20556099947185147
823,D336720,0.2556576773975455
824,4639185,0.18381575861033056
825,4607387,0.2095686944194391
826,5091411,0.29516826294598186
827,5028809,0.1948201136592201
828,5015757,0.38690610319185215
829,D276336,0.32963090205521817
830,4911378,0.2609019310474898
831,5090890,0.1721248290540586
832,4833271,0.2518621344163912
833,4430806,0.25289095850791177
834,5046163,0.29983960216855743
835,4651095,0.26185431236144396
836,4915995,0.3207933719974265
837,4567139,0.38820561453615277
838,4914334,0.17107503932307377
839,4635947,0.21392025691981154
840,4565117,0.29589798742934537
841,4683367,0.18508921151420926
842,4561528,0.20157238732280694
843,4778075,0.3027934697268076
844,D345139,0.22560157853484078
845,4386251,0.30388475183089664
846,4702143,0.36514815084069924
847,4750922,0.15878130403781418
848,4967373,0.32633118081405404
849,5206947,0.20264676772059997
850,5016836,0.087603004057826
851,4296933,0.087603004057826
852,D286368,0.32963090205521817
853,4464196,0.30144352742945557
854,4784094,0.1480522275731611
855,4707546,0.3332784482738458
856,4626666,0.087603004057826
857,D291861,0.24629677940372835
858,5519873,0.18271242884835315
859,4950073,0.23095900687467286
860,4581161,0.3147166231654381
861,5075545,0.20204748354523872
862,4618024,0.21403538620949555
863,4411269,0.2807627698592465
864,5025618,0.28307180687189826
865,4566630,0.07137937212417822
866,5064876,0.33110584056280506
867,D272284,0.32963090205521817
868,4772880,0.36837405766662457
869,4663460,0.40982464331983504
870,4746417,0.2647221366553715
871,4594901,0.18873052881693608
872,5068866,0.24430969310643819
873,4427387,0.32705582963968416
874,4849395,0.23759015956349425
875,4844366,0.087603004057826
876,D271067,0.32963090205521817
877,5084296,0.33160788123353147
878,4585613,0.2647221366553715
879,4604465,0.23179567479129798
880,5074926,0.27802028262165435
881,4876683,0.17655523340096407
882,4750492,0.24838855471717225
883,4550851,0.27751121797894684
884,4355980,0.4319583027895015
885,4794827,0.087603004057826
886,4616387,0.4025705380504366
887,D296154,0.32963090205521817
888,D303885,0.2556576773975455
889,D321182,0.2556576773975455
890,4496599,0.2600403160105683
891,5140570,0.21115733136778553
892,4655629,0.1800613881259241
893,D300584,0.2556576773975455
894,D321011,0.2556576773975455
895,4939820,0.18294254017694284
896,5247681,0.24808166836613352
897,5091684,0.5899667106091435
898,4798901,0.318338640380736
899,4359299,0.087603004057826
900,D291361,0.32963090205521817
901,D284830,0.32963090205521817
902,D290375,0.32963090205521817
903,4942404,0.24073390710907386
904,4691391,0.23552583546772243
905,4874284,0.18150347492990415
906,4656560,0.16416209576741908
907,4363762,0.38690610319185215
908,4561136,0.17405812605241783
909,D338389,0.2556576773975455
910,D309550,0.2556576773975455
911,5193015,0.3151714257069944
912,D313559,0.2556576773975455
913,4721147,0.16433631818017846
914,4534287,0.2983936310022629
915,PP4764,0.2600599735899617
916,D305559,0.2556576773975455
917,4377360,0.087603004057826
918,D267342,0.28231987955933735
919,D288881,0.2949347098424112
920,4283347,0.3621653495037373
921,4823207,0.2592671726637509
922,4884328,0.087603004057826
923,D294870,0.32963090205521817
924,4770133,0.087603004057826
925,4699261,0.18167316753943052
926,4703910,0.31830211101685013
927,D293043,0.2851301747460481
928,D308876,0.2556576773975455
929,D298262,0.2556576773975455
930,PP5542,0.2426973692415938
931,D288207,0.32963090205521817
932,4649456,0.18381575861033056
933,4586981,0.4319583027895015
934,D301846,0.2556576773975455
935,5597850,0.17405812605241783
936,4488692,0.18381575861033056
937,D312958,0.2556576773975455
938,4466666,0.2807627698592465
939,D329819,0.2556576773975455
940,4444129,0.24003972648082667
941,4873240,0.318338640380736
942,D277252,0.32963090205521817
943,PP5089,0.40286953439717665
944,4486403,0.37925421927378955
945,4434585,0.34175230050306826
946,4380119,0.29771515319295005
947,D320755,0.23364361271771272
948,4569288,0.087603004057826
949,4973106,0.18924763633272712
950,4627865,0.3220720511013099
951,4372559,0.2534757659833433
952,4327494,0.087603004057826
953,4820945,0.25736180856743285
954,D312043,0.2556576773975455
955,D326537,0.2556576773975455
956,D317079,0.2556576773975455
957,D282673,0.32963090205521817
958,D319786,0.2556576773975455
959,4429657,0.32327623901662805
960,D305451,0.2556576773975455
961,4687935,0.29684723301719074
962,D314133,0.2556576773975455
963,4600117,0.087603004057826
964,D281775,0.32963090205521817
965,D329883,0.2556576773975455
966,D305138,0.2556576773975455
967,D288650,0.32963090205521817
968,4360457,0.23553996082102896
969,4575720,0.14291596844030907
970,4729732,0.23095900687467286
971,D324428,0.2556576773975455
972,4674438,0.2983936310022629
973,D279134,0.26758005461489326
974,D334841,0.2556576773975455
975,D284637,0.04299612859597431
976,D334503,0.2556576773975455
977,D298907,0.24561891632736968
978,D300365,0.2556576773975455
979,5014909,0.3967825027150984
980,4288065,0.21683715569025452
981,4327637,0.29497482770642147
982,D278660,0.32963090205521817
983,D319751,0.2556576773975455
984,4295025,0.41790548121711574
985,D299695,0.2556576773975455
986,4976568,0.087603004057826
987,D330318,0.2556576773975455
988,4738314,0.33786520428479444
989,D309596,0.2556576773975455
990,PP5037,0.2304601698871973
991,D299376,0.2556576773975455
992,D288107,0.32963090205521817
993,4746997,0.13357771704317942
994,4822733,0.18508921151420926
995,4874936,0.19382187943689838
996,4878891,0.15878130403781418
997,4915332,0.23552583546772243
998,5011794,0.21541168462977964
999,H0011096,0.1480522275731611
